identity,path,orientation,date
G16-25,leftIMG_0958.JPG,left,22_06_2018
G16-25,rightIMG_0961.JPG,right,22_06_2018
G16-25,leftIMG_1300.JPG,left,08_07_2020
G16-25,rightIMG_1280.JPG,right,08_07_2020
t551,leftIMG_1084.JPG,left,07_06_2023
t551,rightIMG_1083.JPG,right,07_06_2023
t551,rightIMG_9374.jpeg,right,23_06_2021
t551,leftIMG_9370.jpeg,left,23_06_2021
G15-03,rightIMG_3731.JPG,right,21_06_2023
G15-03,leftIMG_3727.JPG,left,21_06_2023
G15-03,rightIMG_2835.JPG,right,01_07_2018
G15-03,leftIMG_2832.JPG,left,01_07_2018
beach031,leftIMG_9503.JPG,left,30_06_2020
beach031,rightIMG_9509.JPG,right,30_06_2020
beach031,leftIMG_2623.JPG,left,14_06_2023
beach031,rightIMG_2620.JPG,right,14_06_2023
t499,rightIMG_5626.JPG,right,09_06_2024
t499,leftIMG_5632.JPG,left,09_06_2024
t499,rightIMG_1446.JPG,right,09_07_2020
t499,leftIMG_1457.JPG,left,09_07_2020
t459,rightIMG_2263.JPG,right,12_07_2020
t459,leftIMG_2259.JPG,left,12_07_2020
t459,rightIMG_1206.JPG,right,06_06_2023
t459,leftIMG_1205.JPG,left,06_06_2023
G17-02,rightIMG_2776.JPG,right,14_06_2023
G17-02,leftIMG_2799.JPG,left,14_06_2023
G17-02,rightIMG_7378.JPG,right,18_06_2024
G17-02,leftIMG_7373.JPG,left,18_06_2024
t575,rightIMG_0865.jpeg,right,25_06_2021
t575,leftIMG_0860.jpeg,left,25_06_2021
t575,leftIMG_1566.JPG,left,09_06_2023
t575,rightIMG_1563.JPG,right,09_06_2023
t524,leftIMG_1158.JPG,left,06_06_2023
t524,rightIMG_1136.JPG,right,06_06_2023
t524,leftIMG_9231.jpeg,left,23_06_2021
t524,rightIMG_9234.jpeg,right,23_06_2021
t584,leftIMG_7201.JPG,left,17_06_2024
t584,rightIMG_7191.JPG,right,17_06_2024
t584,rightIMG_7873.JPG,right,23_06_2022
t584,leftIMG_7875.JPG,left,23_06_2022
G18-04,leftIMG_3353.JPG,left,25_06_2023
G18-04,rightIMG_3376.JPG,right,25_06_2023
G18-04,rightIMG_0653.jpg,right,15_06_2019
G18-04,leftIMG_0715.jpg,left,15_06_2019
t594,rightIMG_2355.JPG,right,13_06_2023
t594,leftIMG_2351.JPG,left,13_06_2023
t594,leftIMG_7600.JPG,left,21_06_2022
t594,rightIMG_7603.JPG,right,21_06_2022
t528,rightIMG_8005.JPG,right,30_06_2024
t528,leftIMG_8001.JPG,left,30_06_2024
t528,leftIMG_0916.jpeg,left,25_06_2021
t528,rightIMG_0919.jpeg,right,25_06_2021
SM19-53,rightIMG_9348.JPG,right,30_06_2020
SM19-53,leftIMG_9345.JPG,left,30_06_2020
SM19-53,rightIMG_8270.JPG,right,21_06_2024
SM19-53,leftIMG_8260.JPG,left,21_06_2024
G16-43,rightIMG_7144.JPG,right,17_06_2024
G16-43,leftIMG_7150.JPG,left,17_06_2024
G16-43,leftIMG_1054.jpg,left,16_06_2019
G16-43,rightIMG_1057.jpg,right,16_06_2019
SM21-42,leftIMG_7474.JPG,left,21_06_2022
SM21-42,rightIMG_7502.JPG,right,21_06_2022
SM21-42,rightIMG_3009.JPG,right,23_06_2023
SM21-42,leftIMG_2933.JPG,left,23_06_2023
YT008,rightIMG_4310.JPG,right,26_06_2023
YT008,leftIMG_4307.JPG,left,26_06_2023
YT008,rightIMG_8823.JPG,right,24_06_2024
YT008,leftIMG_8841.JPG,left,24_06_2024
tsb046,rightIMG_3884.JPG,right,21_06_2023
tsb046,leftIMG_3877.JPG,left,21_06_2023
tsb046,rightIMG_2592.JPG,right,01_07_2018
tsb046,leftIMG_2594.JPG,left,01_07_2018
tsb022,leftIMG_1037.JPG,left,07_07_2020
tsb022,rightIMG_1030.JPG,right,07_07_2020
tsb022,rightIMG_7689.JPG,right,21_06_2022
tsb022,leftIMG_7682.JPG,left,21_06_2022
t463,leftIMG_8519.JPG,left,24_06_2020
t463,rightIMG_8525.JPG,right,24_06_2020
t463,leftIMG_3016.JPG,left,15_06_2023
t463,rightIMG_3026.JPG,right,15_06_2023
G17-22,leftIMG_3050.jpg,left,20_06_2019
G17-22,rightIMG_3046.jpg,right,20_06_2019
G17-22,rightIMG_5711.JPG,right,13_06_2022
G17-22,leftIMG_5715.JPG,left,13_06_2022
t447,leftIMG_3002.JPG,left,15_06_2023
t447,rightIMG_2995.JPG,right,15_06_2023
t447,rightIMG_8008.JPG,right,21_06_2020
t447,leftIMG_8006.JPG,left,21_06_2020
t610,rightIMG_4400.JPG,right,28_06_2023
t610,leftIMG_4395.JPG,left,28_06_2023
t610,rightIMG_8587.JPG,right,02_07_2022
t610,leftIMG_8583.JPG,left,02_07_2022
t521,rightIMG_2851.JPG,right,13_07_2020
t521,leftIMG_2833.JPG,left,13_07_2020
t521,leftIMG_1510.JPG,left,09_06_2023
t521,rightIMG_1518.JPG,right,09_06_2023
CZS20-09,rightIMG_3990.JPG,right,22_06_2023
CZS20-09,leftIMG_3995.JPG,left,22_06_2023
CZS20-09,rightIMG_9469.jpeg,right,23_06_2021
CZS20-09,leftIMG_9475.jpeg,left,23_06_2021
t570,rightIMG_1889.jpeg,right,27_06_2021
t570,leftIMG_1894.jpeg,left,27_06_2021
t570,leftIMG_6647.JPG,left,16_06_2022
t570,rightIMG_6652.JPG,right,16_06_2022
G16-03,rightIMG_0592.JPG,right,21_06_2018
G16-03,leftIMG_0597.jpg,left,21_06_2018
G16-03,leftIMG_0344.jpg,left,14_06_2019
G16-03,rightIMG_0349.jpg,right,14_06_2019
t558,leftIMG_9544.jpeg,left,23_06_2021
t558,rightIMG_9547.jpeg,right,23_06_2021
t558,rightIMG_4319.JPG,right,28_06_2023
t558,leftIMG_4314.JPG,left,28_06_2023
SM20-30,leftIMG_6197.JPG,left,11_06_2024
SM20-30,rightIMG_6193.JPG,right,11_06_2024
SM20-30,leftIMG_1069.JPG,left,06_06_2023
SM20-30,rightIMG_1077.JPG,right,06_06_2023
tsb056,leftIMG_8675.JPG,left,03_07_2022
tsb056,rightIMG_8685.JPG,right,03_07_2022
tsb056,rightIMG_3175.JPG,right,03_07_2018
tsb056,leftIMG_3172.JPG,left,03_07_2018
t573,leftIMG_9296.JPG,left,26_06_2024
t573,rightIMG_9298.JPG,right,26_06_2024
t573,leftIMG_0751.jpeg,left,25_06_2021
t573,rightIMG_0755.jpeg,right,25_06_2021
t547,rightIMG_6318.JPG,right,13_06_2024
t547,leftIMG_6042_differentday.JPG,left,13_06_2024
t547,leftIMG_1372.jpeg,left,26_06_2021
t547,rightIMG_1361.jpeg,right,26_06_2021
t493,rightIMG_5986.JPG,right,14_06_2022
t493,leftIMG_5980.JPG,left,14_06_2022
t493,leftIMG_2529.JPG,left,14_06_2023
t493,rightIMG_2534.JPG,right,14_06_2023
gtJ204,leftIMG_8921.jpeg,left,22_06_2021
gtJ204,rightIMG_8926.jpeg,right,22_06_2021
gtJ204,rightIMG_2225.JPG,right,25_06_2018
gtJ204,leftIMG_2222.JPG,left,25_06_2018
G20-05,rightIMG_9907itstherightone.JPG,right,18_07_2022
G20-05,leftIMG_9895itsthebottomone.JPG,left,18_07_2022
G20-05,leftIMG_3245.JPG,left,18_06_2023
G20-05,rightIMG_3238.JPG,right,18_06_2023
G18-02,leftIMG_9277.jpg,left,12_06_2019
G18-02,rightIMG_9280.jpg,right,12_06_2019
G18-02,rightIMG_1480.JPG,right,17_06_2023
G18-02,leftIMG_1497.JPG,left,17_06_2023
t516,rightIMG_2237.JPG,right,12_07_2020
t516,leftIMG_2243.JPG,left,12_07_2020
t516,leftIMG_4441.JPG,left,28_06_2023
t516,rightIMG_4435.JPG,right,28_06_2023
SE010,leftIMG_0328.jpeg,left,24_06_2021
SE010,rightIMG_0332.jpeg,right,24_06_2021
SE010,leftIMG_1105.JPG,left,23_06_2018
SE010,rightIMG_1110.JPG,right,23_06_2018
G17-27,leftIMG_2488.JPG,left,12_07_2020
G17-27,rightIMG_2500.JPG,right,12_07_2020
G17-27,rightIMG_1570.JPG,right,09_06_2023
G17-27,leftIMG_1575.JPG,left,09_06_2023
X026,rightIMG_1482.JPG,right,23_06_2018
X026,leftIMG_1269.JPG,left,23_06_2018
X026,leftIMG_1915.jpg,left,18_06_2019
X026,rightIMG_1965.jpg,right,18_06_2019
